140801,galleryads.net,1
140801,localhost,5
140801,orixlife.demo.mitsue.com,2
140801,orixlife.digitaldesk.jp,4
140801,test01.swat.smartekworks.com,1
140801,www.hoken-meijin.com,1
140801,www.orixlife.jp,17788
140801,wwwst.orixlife.jp,97
140802,dmw123:gjmwtp@wwwst.orixlife.jp,1
140802,www.hazardlab.jp,1
140802,www.orixlife.jp,17440
140803,202.238.130.51,4
140803,www.orix.co.jp,1
140803,www.orixlife.jp,17830
140804,202.238.130.57,1
140804,localhost,6
140804,orixlife.demo.mitsue.com,1
140804,test01.swat.smartekworks.com,2
140804,www.hazardlab.jp,2
140804,www.orixlife.jp,25750
140804,wwwst.orixlife.jp,53
140805,localhost,3
140805,www.hazardlab.jp,1
140805,www.orixlife.jp,22310
140805,wwwst.orixlife.jp,63
140806,10.81.20.55,15
140806,192.168.56.101,2
140806,localhost,5
140806,www.firstplace.co.jp,1
140806,www.orixlife.jp,21082
140806,wwwst.orixlife.jp,75
140807,192.168.56.101,1
140807,localhost,2
140807,o.advg.jp,1
140807,www.firstplace.co.jp,1
140807,www.orixlife.jp,21337
140807,wwwst.orixlife.jp,96
140808,local01.swat.me:8080,5
140808,localhost,3
140808,orixlife.digitaldesk.jp,1
140808,www.orixlife.jp,18113
140808,wwwst.orixlife.jp,114
140809,www.orixlife.jp,18432
140810,www.orixlife.jp,20389
140811,localhost,1
140811,orixlife.digitaldesk.jp,18
140811,www.orixlife.jp,18511
140811,wwwst.orixlife.jp,52
140812,localhost,4
140812,orixlife.demo.mitsue.com,4
140812,orixlife.digitaldesk.jp,1
140812,www.orixlife.jp,18520
140812,www.orixlife.jp.3s3s.org,3
140812,wwwst.orixlife.jp,62
140813,10.224.15.140,1
140813,202.238.130.51,1
140813,localhost,1
140813,orixlife.demo.mitsue.com,1
140813,orixlife.digitaldesk.jp,4
140813,www.interc-digital.com,4
140813,www.orixlife.jp,17335
140813,www.orixlife.jp.3s3s.org,8
140813,wwwst.orixlife.jp,21
140814,10.81.20.55,1
140814,orixlife.demo.mitsue.com,7
140814,orixlife.digitaldesk.jp,52
140814,www.interc-digital.com,2
140814,www.orixlife.jp,16789
140814,wwwst.orixlife.jp,179
140815,10.224.15.137,1
140815,10.224.15.140,1
140815,orix.kakunin.com,9
140815,orixlife.digitaldesk.jp,11
140815,www.orixlife.jp,16667
140815,wwwst.orixlife.jp,38
140816,www.orixlife.jp,17037
140817,www.orixlife.jp,18295
140818,10.81.20.55,8
140818,orixlife.digitaldesk.jp,4
140818,www.firstplace.co.jp,1
140818,www.orixlife.jp,21987
140818,wwwst.orixlife.jp,87
140819,10.81.20.55,3
140819,202.238.130.51,4
140819,localhost,1
140819,www.orixlife.jp,23155
140819,wwwst.orixlife.jp,183
140820,202.238.130.51,2
140820,localhost,3
140820,orixlife.digitaldesk.jp,26
140820,www.orixlife.jp,21711
140820,wwwst.orixlife.jp,176
140821,10.81.20.55,5
140821,localhost,1
140821,orixlife.demo.mitsue.com,11
140821,orixlife.digitaldesk.jp,11
140821,www.orixlife.jp,22197
140821,wwwst.orixlife.jp,55
140822,10.224.15.136,1
140822,10.81.20.55,1
140822,202.238.130.51,11
140822,localhost,8
140822,o.advg.jp,2
140822,orixlife.demo.mitsue.com,1
140822,orixlife.digitaldesk.jp,145
140822,www.orixlife.jp,19265
140822,wwwst.orixlife.jp,78
140823,www.orixlife.jp,19391
140824,orixlife.digitaldesk.jp,22
140824,www.hoken-meijin.com,1
140824,www.orixlife.jp,22682
140825,202.238.130.51,2
140825,localhost,1
140825,orixlife.digitaldesk.jp,70
140825,www.orixlife.jp,25027
140825,wwwst.orixlife.jp,37
140826,10.81.20.55,4
140826,202.238.130.51,2
140826,localhost,1
140826,orixlife.digitaldesk.jp,75
140826,www.orixlife.jp,26317
140826,wwwst.orixlife.jp,27
140827,localhost,3
140827,orixlife.demo.mitsue.com,6
140827,orixlife.digitaldesk.jp,168
140827,orix.preview.i-studio.co.jp,52
140827,www.hazardlab.jp,1
140827,www.orixlife.jp,25817
140827,wwwst.orixlife.jp,36
140828,10.81.20.55,6
140828,localhost,4
140828,orixlife.digitaldesk.jp,197
140828,orix.preview.i-studio.co.jp,308
140828,www.hazardlab.jp,17
140828,www.orixlife.jp,25118
140828,wwwst.orixlife.jp,54
140829,10.81.20.55,13
140829,192.168.56.101,2
140829,localhost,2
140829,orix.demo.mitsue.com,4
140829,orixlife.demo.mitsue.com,85
140829,orixlife.digitaldesk.jp,64
140829,stg22.dga.jp,15
140829,www.dual-web.jp,2
140829,www.orixlife.jp,21782
140829,wwwst.orixlife.jp,21
140830,orix.ioix.info,1
140830,www.orixlife.jp,18673
140831,orixlife.digitaldesk.jp,1
140831,www.orixlife.jp,19677
